{
    "x_fit": {
        "x0": 5000.254057531291,
        "vx": -0.026551569775784267
    },
    "xy3_fit": {
        "x0": 4994.166048764836,
        "y0": 4.443601891340945,
        "vx": 0.14262068192677124
    },
    "xyz4_fit": {
        "x0": 5060.675618942394,
        "y0": 12.03606275741909,
        "z0": 390.58663132624747,
        "vx": -0.39657805304363336
    },
    "xyz6_fit": {
        "x0": 5071.134221062116,
        "y0": -64.19280730798552,
        "z0": 397.9118998591288,
        "vx": 0.7934667934699701,
        "vy": 51.73886649147018,
        "vz": 0.8664687694289747
    }
}