{
    "x_fit": {
        "x0": 6734.538247449387,
        "vx": 0.18704908742438242
    },
    "xy3_fit": {
        "x0": 4406.561016589773,
        "y0": -520.8383949560107,
        "vx": -11.646569536501818
    },
    "xyz4_fit": {
        "x0": 4443.74110694416,
        "y0": -264.2142890830624,
        "z0": 664.6003979229878,
        "vx": -0.10323131323262924
    },
    "xyz6_fit": {
        "x0": 4714.555654269757,
        "y0": -208.084965984653,
        "z0": 558.6778982017735,
        "vx": -12.350070843801255,
        "vy": -6.717937123679561,
        "vz": 3.271702773384032
    }
}