{
    "x_fit": {
        "x0": 5000.252986318419,
        "vx": -0.026439418446848273
    },
    "xy3_fit": {
        "x0": 4994.164744937616,
        "y0": -4.443820704898014,
        "vx": 0.14267989912548318
    },
    "xyz4_fit": {
        "x0": 5060.674533336473,
        "y0": -12.036264126786149,
        "z0": 390.58622548104097,
        "vx": -0.3964704252544875
    },
    "xyz6_fit": {
        "x0": 4066.4813662378533,
        "y0": 169.3481218055156,
        "z0": 811.6444517799957,
        "vx": 0.9648693490307778,
        "vy": 40.7614604797657,
        "vz": 1.250081412051962
    }
}