{
    "x_fit": {
        "x0": -451.4157219198735,
        "vx": -24.854792068896906
    },
    "xy3_fit": {
        "x0": -418.81977481911616,
        "y0": -3328.805950727037,
        "vx": -18.43820238443338
    },
    "xyz4_fit": {
        "x0": -469.4568342640112,
        "y0": -3174.253887473268,
        "z0": 263.1237609386022,
        "vx": -20.978014742678013
    },
    "xyz6_fit": {
        "x0": -1147.554330620594,
        "y0": -3619.22535251349,
        "z0": -634.1082385165644,
        "vx": -140.7411208321622,
        "vy": 258.36132392480016,
        "vz": -35.36650642854657
    }
}