{
    "x_fit": {
        "x0": -895.0105140149469,
        "vx": 0.5267784385074883
    },
    "xy3_fit": {
        "x0": -422.74572641900716,
        "y0": -4220.395265064889,
        "vx": -25.001456856145218
    },
    "xyz4_fit": {
        "x0": -293.12276565419546,
        "y0": -4227.630676519004,
        "z0": 481.2840503060816,
        "vx": -13.617628288835832
    },
    "xyz6_fit": {
        "x0": -191.35172198965103,
        "y0": -4222.237206319137,
        "z0": 504.8968437278787,
        "vx": -3.740723577429767,
        "vy": 0.06865155930128534,
        "vz": -4.059306085679025
    }
}