{
    "x_fit": {
        "x0": -451.41516790132414,
        "vx": -24.854790143034045
    },
    "xy3_fit": {
        "x0": -418.82164575891386,
        "y0": -3328.804846253925,
        "vx": -18.438221427907227
    },
    "xyz4_fit": {
        "x0": -469.45587213330947,
        "y0": -3174.2543891513374,
        "z0": 263.1247468593539,
        "vx": -20.97806641428793
    },
    "xyz6_fit": {
        "x0": -1147.5573995577092,
        "y0": -3619.213322992463,
        "z0": -634.0953426581164,
        "vx": -140.7405270886702,
        "vy": 258.36161728796145,
        "vz": -35.36723270778745
    }
}